{
  "frontEndCert": "Front End Development Certification",
  "backEndCert": "Back End Development Certification",
  "fullStackCert": "Full Stack Development Certification",
  "respWebDesign": "Responsive Web Design Certification",
  "frontEndLibs": "Front End Libraries Certification",
  "jsAlgoDataStruct": "JavaScript Algorithms and Data Structures Certification",
  "dataVis": "Data Visualisation Certification",
  "apisMicroservices": "APIs and Microservices Certification",
  "infosecQa": "Information Security and Quality Assurance Certification"
}
