{
  "verbs": [
    "aced",
    "nailed",
    "rocked",
    "destroyed",
    "owned",
    "crushed",
    "conquered",
    "shredded",
    "demolished",
    "devoured",
    "banished",
    "wrangled"
  ],
  "compliments": [
    "Over the top!",
    "Down the rabbit hole we go!",
    "Bring that rain!",
    "Target acquired!",
    "Feel that need for speed!",
    "You've got guts!",
    "We have liftoff!",
    "To infinity and beyond!",
    "Encore!",
    "Onward, ho!",
    "Challenge destroyed!",
    "It's on like Donkey Kong!",
    "Power level? It's over 9000!",
    "Coding spree!",
    "Code long and prosper.",
    "The crowd goes wild!",
    "One for the guinness book!",
    "Flawless victory!",
    "Most efficient!",
    "Party on, Wayne!",
    "You've got the touch!",
    "You're on fire!",
    "Don't hurt 'em, Hammer!",
    "The town is now red!",
    "To the nines!",
    "To the Batmobile!",
    "Pull out all the stops!",
    "You're a wizard, Harry!",
    "You're an all star!",
    "Way to go!",
    "Outta sight!",
    "You're crushing it!",
    "What sorcery is this?",
    "The world rejoices!",
    "That's the way it's done!",
    "You rock!",
    "Woo-hoo!",
    "We knew you could do it!",
    "Hyper Combo Finish!",
    "Nothing but net!",
    "Boom-shakalaka!",
    "You're a shooting star!",
    "You're unstoppable!",
    "Way cool!",
    "Walk on that sunshine!",
    "Keep on trucking!",
    "Off the charts!",
    "There is no spoon!",
    "Cranked it up to 11!",
    "Escape velocity reached!",
    "You make this look easy!",
    "Passed with flying colors!",
    "You've got this!",
    "Happy, happy, joy, joy!",
    "Tomorrow, the world!",
    "Your powers combined!",
    "A winner is you!",
    "It's alive. It's alive!",
    "Sonic Boom!",
    "Here's looking at you, Code!",
    "Ride like the wind!",
    "Legen - wait for it - dary!",
    "Ludicrous Speed! Go!",
    "Yes we can!",
    "Most triumphant!",
    "One loop to rule them all!",
    "By the power of Grayskull!",
    "You did it!",
    "Storm that castle!",
    "Face-melting guitar solo!",
    "Checkmate!",
    "Bodacious!",
    "Tubular!",
    "You're outta sight!",
    "Keep calm and code on!",
    "Even sad panda smiles!",
    "Even grumpy cat approves!",
    "Kool Aid Man says oh yeah!",
    "Bullseye!",
    "Far out!",
    "You're heating up!",
    "Standing ovation!",
    "Nice one!",
    "All right!",
    "Hasta la vista, challenge!",
    "Terminated.",
    "Off the hook!",
    "Thundercats, Hooo!",
    "Shiver me timbers!",
    "Raise the roof!",
    "I also live dangerously.",
    "Get to the choppa!",
    "Bingo!",
    "And you're all out of gum.",
    "Even honeybadger cares!",
    "Helm, Warp Nine. Engage!",
    "Gotta code 'em all!",
    "Spool up the FTL drive!",
    "Cool beans!",
    "They're in another castle.",
    "Power UP!",
    "Pikachu chooses you!",
    "We're gonna pump you up!",
    "I gotta have more cow bell."
  ],
  "calls-to-action": [
    "Let's do this!",
    "You've got this!",
    "Time to shine.",
    "Let's rock!",
    "Let's jam!",
    "Make it so!",
    "Don't let your dreams be dreams."
  ],
  "phrases": [
    "Shout it from on top of a mountain",
    "Tell everyone and their dogs",
    "Show them. Show them all!",
    "Inspire your friends",
    "Tell the world of your greatness",
    "Look accomplished on social media",
    "Share news of your grand endeavor",
    "Establish your alibi for the past two hours",
    "Prove to mom that computers aren't just for games",
    "With coding power comes sharing responsibility",
    "Have you told your friends of your coding powers?"
  ],
  "motivationalQuotes": [
    {
      "quote": "Never, never, never, never, never, never give up.",
      "author": "Winston Churchill"
    },
    {
      "quote": "The pessimist sees difficulty in every opportunity. The optimist sees opportunity in every difficulty.",
      "author": "Winston Churchill"
    },
    {
      "quote": "Twenty years from now you you will be more disappointed by the things that you didn't do than by the ones you did do. So throw off the bowlines. Sail away from the safe harbor. Catch the trade winds in your sails.",
      "author": "Mark Twain"
    },
    {
      "quote": "The secret of getting ahead is getting started.",
      "author": "Mark Twain"
    },
    {
      "quote": "A person who never made a mistake never tried anything new.",
      "author": "Albert Einstein"
    },
    {
      "quote": "Life is like riding a bicycle. To keep your balance, you must keep moving.",
      "author": "Albert Einstein"
    },
    {
      "quote": "Nothing will work unless you do.",
      "author": "Maya Angelou"
    },
    {
      "quote": "The most difficult thing is the decision to act, the rest is merely tenacity.",
      "author": "Amelia Earhart"
    },
    {
      "quote": "The only person you are destined to become is the person you decide to be.",
      "author": "Ralph Waldo Emerson"
    },
    {
      "quote": "You must do the things you think you cannot do.",
      "author": "Eleanor Roosevelt"
    },
    {
      "quote": "You are never too old to set another goal, or to dream a new dream.",
      "author": "C.S. Lewis"
    },
    {
      "quote": "Believe you can and you're halfway there.",
      "author": "Theodore Roosevelt"
    },
    {
      "quote": "I fear not the man who has practiced 10,000 kicks once, but I fear the man who has practiced one kick 10,000 times.",
      "author": "Bruce Lee"
    },
    {
      "quote": "The way to get started is to quit talking and begin doing.",
      "author": "Walt Disney"
    },
    {
      "quote": "Don’t let yesterday take up too much of today.",
      "author": "Will Rodgers"
    },
    {
      "quote": "It’s not whether you get knocked down, it’s whether you get up.",
      "author": "Vince Lombardi"
    },
    {
      "quote": "If you are working on something that you really care about, you don’t have to be pushed. The vision pulls you.",
      "author": "Steve Jobs"
    },
    {
      "quote": "People who are crazy enough to think they can change the world, are the ones who do.",
      "author": "Rob Siltanen"
    },
    {
      "quote": "Failure will never overtake me if my determination to succeed is strong enough.",
      "author": "Og Mandino"
    },
    {
      "quote": "We may encounter many defeats, but we must not be defeated.",
      "author": "Maya Angelou"
    },
    {
      "quote": "Knowing is not enough; we must apply. Wishing is not enough; we must do.",
      "author": "Johann Wolfgang von Goethe"
    },
    {
      "quote": "Whether you think you can or think you can’t, you’re right.",
      "author": "Henry Ford"
    },
    {
      "quote": "The only limit to our realization of tomorrow, will be our doubts of today.",
      "author": "Franklin D. Roosevelt"
    },
    {
      "quote": "You don’t have to be great to start, but you have to start to be great.",
      "author": "Zig Ziglar"
    },
    {
      "quote": "Today’s accomplishments were yesterday’s impossibilities.",
      "author": "Robert H. Schuller"
    },
    {
      "quote": "Life is 10% what happens to you and 90% how you react to it.",
      "author": "Charles R. Swindoll"
    },
    {
      "quote": "Optimism is the faith that leads to achievement. Nothing can be done without hope and confidence.",
      "author": "Helen Keller"
    },
    {
      "quote": "With the new day comes new strength and new thoughts.",
      "author": "Eleanor Roosevelt"
    },
    {
      "quote": "The past cannot be changed. The future is yet in your power.",
      "author": "Confucius"
    },
    {
      "quote": "It always seems impossible until it's done.",
      "author": "Nelson Mandela"
    },
    {
      "quote": "You can't cross the sea merely by standing and staring at the water.",
      "author": "Rabindranath Tagore"
    },
    {
      "quote": "Quality is not an act, it is a habit.",
      "author": "Aristotle"
    },
    {
      "quote": "Without hard work, nothing grows but weeds.",
      "author": "Gordon B. Hinckley"
    },
    {
      "quote": "If you're going through hell, keep going.",
      "author": "Winston Churchill"
    },
    {
      "quote": "Our greatest weakness lies in giving up. The most certain way to succeed is always to try just one more time.",
      "author": "Thomas A. Edison"
    },
    {
      "quote": "Do the difficult things while they are easy and do the great things while they are small. A journey of a thousand miles must begin with a single step.",
      "author": "Lao Tzu"
    },
    {
      "quote": "Well done is better than well said.",
      "author": "Benjamin Franklin"
    },
    {
      "quote": "There is only one corner of the universe you can be certain of improving, and that's your own self.",
      "author": "Aldous Huxley"
    },
    {
      "quote": "Aim for the moon. If you miss, you may hit a star.",
      "author": "W. Clement Stone"
    },
    {
      "quote": "Start where you are. Use what you have. Do what you can.",
      "author": "Arthur Ashe"
    },
    {
      "quote": "Don't watch the clock; do what it does. Keep going.",
      "author": "Sam Levenson"
    },
    {
      "quote": "The most effective way to do it, is to do it.",
      "author": "Amelia Earhart"
    },
    {
      "quote": "By failing to prepare, you are preparing to fail.",
      "author": "Benjamin Franklin"
    },
    {
      "quote": "Do not wait to strike till the iron is hot; but make it hot by striking.",
      "author": "William Butler Yeats"
    },
    {
      "quote": "The harder the conflict, the more glorious the triumph.",
      "author": "Thomas Paine"
    },
    {
      "quote": "Opportunity does not knock, it presents itself when you beat down the door.",
      "author": "Kyle Chandler"
    },
    {
      "quote": "Perseverance is failing 19 times and succeeding the 20th.",
      "author": "Julie Andrews"
    },
    {
      "quote": "I attribute my success to this - I never gave or took any excuse.",
      "author": "Florence Nightingale"
    },
    {
      "quote": "Even if you fall on your face, you're still moving forward.",
      "author": "Victor Kiam"
    },
    {
      "quote": "You can't wait for inspiration. You have to go after it with a club.",
      "author": "Jack London"
    },
    {
      "quote": "Live as if you were to die tomorrow. Learn as if you were to live forever. ",
      "author": "Mahatma Gandhi"
    },
    {
      "quote": "If you don’t risk anything, you risk even more.",
      "author": "Erica Jong"
    },
    {
      "quote": "The work of today is the history of tomorrow, and we are its makers.",
      "author": "Juliette Gordon Low"
    },
    {
      "quote": "It is never too late to be what you might have been. ",
      "author": "Mary Anne Evans"
    },
    {
      "quote": "Nothing in life is to be feared, it is only to be understood. Now is the time to understand more, so that we may fear less. ",
      "author": "Marie Curie"
    },
    {
      "quote": "Life shrinks or expands in proportion with one’s courage.",
      "author": "Anaïs Nin"
    },
    {
      "quote": "If you’re not making mistakes, then you’re not making decisions. ",
      "author": "Catherine Cook"
    },
    {
      "quote": "Whether you want to uncover the secrets of the universe, or you want to pursue a career in the 21st century, basic computer programming is an essential skill to learn.",
      "author": "Stephen Hawking"
    },
    {
      "quote": "I've missed more than 9,000 shots during my career. I've lost almost 300 games. 26 times, I've been trusted to take the game winning shot and missed. I've failed over and over and over again in my life. And that is why I succeed.",
      "author": "Michael Jordan"
    },
    {
      "quote": "You miss 100% of the shots you don't take.",
      "author": "Wayne Gretzky"
    },
    {
      "quote": "The two most important days in your life are the day you are born and the day you find out why.",
      "author": "Mark Twain"
    },
    {
      "quote": "The most common people give up their power is by thinking they don't have any.",
      "author": "Alice Walker"
    },
    {
      "quote": "The best revenge is massive success.",
      "author": "Frank Sinatra"
    },
    {
      "quote": "Giving up is the only sure way to fail.",
      "author": "Gena Showalter"
    },
    {
      "quote": "I have not failed. I've just found 10,000 ways that won't work.",
      "author": "Thomas A. Edison"
    },
    {
      "quote": "What you do speaks so loudly that I cannot hear what you say.",
      "author": "Ralph Waldo Emerson"
    },
    {
      "quote": "Tough times never last, but tough people do.",
      "author": "Dr. Robert Schuller"
    },
    {
      "quote": "The best way out is always through.",
      "author": "Robert Frost"
    },
    {
      "quote": "The power of imagination makes us infinite.",
      "author": "John Muir"
    },
    {
      "quote": "Light tomorrow with today.",
      "author": "Elizabeth Barrett Browning"
    },
    {
      "quote": "Even if you’re on the right track, you’ll get run over if you just sit there.",
      "author": "Will Rogers"
    },
    {
      "quote": "Every strike brings me closer to the next home run.",
      "author": "Babe Ruth"
    },
    {
      "quote": "Your imagination is your preview of life’s coming attractions.",
      "author": "Albert Einstein"
    },
    {
      "quote": "The harder I work, the luckier I get.",
      "author": "Gary Player"
    },
    {
      "quote": "The price of anything is the amount of life you exchange for it.",
      "author": "Henry David Thoreau"
    },
    {
      "quote": "Someday is not a day of the week.",
      "author": "Denise Brennan-Nelson"
    },
    {
      "quote": "There are no short cuts to any place worth going.",
      "author": "Beverly Sills"
    },
    {
      "quote": "The best way to predict the future is to invent it.",
      "author": "Alan Kay"
    },
    {
      "quote": "If you have everything under control, you’re not moving fast enough.",
      "author": "Mario Andretti"
    },
    {
      "quote": "Don’t wish it were easier, wish you were better.",
      "author": "Jim Rohn"
    },
    {
      "quote": "Impossible is just a big word thrown around by small men who find it easier to live in the world they've been given than to explore the power they have to change it. Impossible is not a fact. It's an opinion. Impossible is not a declaration. It's a dare. Impossible is potential. Impossible is temporary. Impossible is nothing.",
      "author": "Muhammad Ali"
    },
    {
      "quote": "It had long since come to my attention that people of accomplishment rarely sat back and let things happen to them. They went out and happened to things.",
      "author": "Leonardo da Vinci"
    },
    {
      "quote": "It is not the strongest of the species that survive, nor the most intelligent, but the one most responsive to change.",
      "author": "Charles Darwin"
    },
    {
      "quote": "Whether you think you can, or think you can't, you're probably right.",
      "author": "Henry Ford"
    },
    {
      "quote": "Adapt what is useful, reject what is useless, and add what is specifically your own.",
      "author": "Bruce Lee"
    },
    {
      "quote": "If you spend too much time thinking about a thing, you’ll never get it done.",
      "author": "Bruce Lee"
    },
    {
      "quote": "Do not pray for an easy life. Pray for the strength to endure a difficult one.",
      "author": "Bruce Lee"
    },
    {
      "quote": "Be happy, but never satisfied.",
      "author": "Bruce Lee"
    },
    {
      "quote": "The key to immortality is first living a life worth remembering.",
      "author": "Bruce Lee"
    },
    {
      "quote": "Let us sacrifice our today so that our children can have a better tomorrow.",
      "author": "APJ Abdul Kalam"
    },
    {
      "quote": "But man is not made for defeat. A man can be destroyed but not defeated.",
      "author": "Ernest Hemingway"
    },
    {
      "quote": "There is nothing permanent except change.",
      "author": "Heraclitus"
    },
    {
      "quote": "Learning never exhausts the mind.",
      "author": "Leonardo da Vinci"
    },
    {
      "quote": "The only journey is the one within.",
      "author": "Rainer Maria Rilke"
    },
    {
      "quote": "Good judgment comes from experience, and a lot of that comes from bad judgment.",
      "author": "Will Rogers"
    },
    {
      "quote": "Keep your face always toward the sunshine - and shadows will fall behind you.",
      "author": "Walt Whitman"
    },
    {
      "quote": "Independence is happiness.",
      "author": "Susan B. Anthony"
    },
    {
      "quote": "There are two ways of spreading light: to be the candle or the mirror that reflects it.",
      "author": "Edith Wharton"
    },
    {
      "quote": "Not all those who wander are lost.",
      "author": "J. R. R. Tolkien"
    },
    {
      "quote": "A leader is one who knows the way, goes the way, and shows the way.",
      "author": "John C. Maxwell"
    },
    {
      "quote": "Always remember that you are absolutely unique. Just like everyone else.",
      "author": "Margaret Mead"
    },
    {
      "quote": "What we achieve inwardly will change outer reality.",
      "author": "Plutarch"
    },
    {
      "quote": "Life isn't about finding yourself. Life is about creating yourself.",
      "author": "George Bernard Shaw"
    },
    {
      "quote": "The pessimist complains about the wind; the optimist expects it to change; the realist adjusts the sails.",
      "author": "William Arthur Ward"
    },
    {
      "quote": "The future belongs to those who believe in the beauty of their dreams.",
      "author": "Eleanor Roosevelt"
    },
    {
      "quote": "Do not go where the path may lead, go instead where there is no path and leave a trail.",
      "author": "Ralph Waldo Emerson"
    },
    {
      "quote": "Don't judge each day by the harvest you reap but by the seeds that you plant.",
      "author": "Robert Louis Stevenson"
    },
    {
      "quote": "Find a place inside where there's joy, and the joy will burn out the pain.",
      "author": "Joseph Campbell"
    },
    {
      "quote": "The idea is to die young as late as possible.",
      "author": "Ashley Montagu"
    },
    {
      "quote": "There are no limits. There are only plateaus. And you must not stay there. You must go beyond them.",
      "author": "Bruce Lee"
    },
    {
      "quote": "Education is not the filling of a pail, but the lighting of a fire.",
      "author": "William Butler Yeats"
    },
    {
      "quote": "I hated every minute of training, but I said, \"Don’t quit. Suffer now and live the rest of your life as a champion.\"",
      "author": "Muhammad Ali"
    },
    {
      "quote": "Failure is simply the opportunity to begin again, this time more intelligently.",
      "author": "Henry Ford"
    },
    {
      "quote": "Opportunity is missed by people because it is dressed in overalls and looks like work.",
      "author": "Thomas Alva Edison"
    },
    {
      "quote": "Remembering that you are going to die is the best way I know to avoid the trap of thinking you have something to lose. You are already naked. There is no reason not to follow your heart.",
      "author": "Steve Jobs"
    },
    {
      "quote": "Courage isn’t having the strength to go on – it is going on when you don’t have strength.",
      "author": "Napoleon Bonaparte"
    },
    {
      "quote": "If you don’t turn your life into a story, you just become a part of someone else’s story.",
      "author": "Terry Pratchett"
    },
    {
      "quote": "If you want to shine like the sun, first burn like the sun.",
      "author": "APJ Abdul Kalam"
    },
    {
      "quote": "Can you imagine what I would do if I could do all I can?",
      "author": "Sun Tzu"
    },
    {
      "quote": "Experience is not what happens to you; it’s what you do with what happens to you.",
      "author": "Aldous Huxley"
    },
    {
      "quote": "Wisdom begins in wonder.",
      "author": "Socrates"
    },
    {
      "quote": "If you want happiness for an hour – take a nap. If you want happiness for a day – go fishing. If you want happiness for a year – inherit a fortune. If you want happiness for a life time – help someone else.",
      "author": "Chinese proverb"
    },
    {
      "quote": "A good head and a good heart are always a formidable combination.",
      "author": "Nelson Mandela"
    },
    {
      "quote": "It’s not what you look at that matters, it’s what you see.",
      "author": "Henry David Thoreau"
    },
    {
      "quote": "If you plan for one year, plant rice. If you plan for ten years, plant trees. If you plan for 100 years, educate humanity.",
      "author": "Chinese Proverb"
    },
    {
      "quote": "All things are difficult before they are easy.",
      "author": "Chinese Proverb"
    },
    {
      "quote": "The best time to plant a tree was 20 years ago. The second best time is now.",
      "author": "Chinese Proverb"
    },
    {
      "quote": "Strength does not come from physical capacity. It comes from an indomitable will.",
      "author": "Mahatma Gandhi"
    },
    {
      "quote": "Those who say it cannot be done should not interrupt the person doing it.",
      "author": "Confucius"
    },
    {
      "quote": "It does not matter how slowly you go as long as you do not stop. ",
      "author": "Confucius"
    },
    {
      "quote": "An ant on the move does more than a dozing ox.",
      "author": "Lao Tzu"
    },
    {
      "quote": "Do the difficult things while they are easy and do the great things while they are small. A journey of a thousand miles must begin with a single step.",
      "author": "Lao Tzu"
    },
    {
      "quote": "We are what we believe we are. ",
      "author": "C. S. Lewis"
    },
    {
      "quote": "With the possible exception of the equator, everything begins somewhere.",
      "author": "C. S. Lewis"
    },
    {
      "quote": "Arise, Awake and Stop not until the goal is reached.",
      "author": "Swami Vivekananda"
    },
    {
      "quote": "You only live once, but if you do it right, once is enough.",
      "author": "Mae West"
    },
    {
      "quote": "We delight in the beauty of the butterfly, but rarely admit the changes it has gone through to achieve that beauty.",
      "author": "Maya Angelou"
    },
    {
      "quote": "Sell your cleverness and buy bewilderment.",
      "author": "Rumi"
    },
    {
      "quote": "The cure for pain is in the pain.",
      "author": "Rumi"
    },
    {
      "quote": "May you live every day of your life.",
      "author": "Jonathan Swift"
    },
    {
      "quote": "Pain is inevitable. Suffering is optional.",
      "author": "Haruki Murakami"
    },
    {
      "quote": "Do one thing every day that scares you.",
      "author": "Eleanor Roosevelt"
    },
    {
      "quote": "Anyone who has never made a mistake has never tried anything new.",
      "author": "Albert Einstein"
    },
    {
      "quote": "Be not afraid of greatness. Some are born great, some achieve greatness, and others have greatness thrust upon them.",
      "author": "William Shakespeare"
    },
    {
      "quote": "Nothing is impossible, the word itself says \"I'm possible\"!",
      "author": "Audrey Hepburn"
    },
    {
      "quote": "There is only one thing that makes a dream impossible to achieve: the fear of failure.",
      "author": "Paulo Coelho"
    },
    {
      "quote": "Never memorize something that you can look up.",
      "author": "Albert Einstein"
    },
    {
      "quote": "Whatever you are, be a good one.",
      "author": "Abraham Lincoln"
    },
    {
      "quote": "In the depth of winter, I finally learned that within me there lay an invincible summer.",
      "author": "Albert Camus"
    },
    {
      "quote": "If you’re any good at all, you know you can be better.",
      "author": "Lindsay Buckingham"
    },
    {
      "quote": "Failure is the condiment that gives success its flavor.",
      "author": "Truman Capote"
    },
    {
      "quote": "Success is stumbling from failure to failure with no loss of enthusiasm.",
      "author": "Winston S. Churchill"
    },
    {
      "quote": "Only those who dare to fail greatly can ever achieve greatly.",
      "author": "Robert F. Kennedy"
    },
    {
      "quote": "Never confuse a single defeat with a final defeat.",
      "author": "F. Scott Fitzgerald"
    },
    {
      "quote": "Have no fear of perfection - you'll never reach it.",
      "author": "Salvador Dalí"
    },
    {
      "quote": "Education: the path from cocky ignorance to miserable uncertainty.",
      "author": "Mark Twain"
    },
    {
      "quote": "Wisdom is not a product of schooling but of the lifelong attempt to acquire it.",
      "author": "Albert Einstein"
    },
    {
      "quote": "By seeking and blundering we learn.",
      "author": "Johann Wolfgang von Goethe"
    },
    {
      "quote": "Play is the highest form of research.",
      "author": "Albert Einstein"
    },
    {
      "quote": "There is nothing noble in being superior to your fellow man; true nobility is being superior to your former self.",
      "author": "Ernest Hemingway"
    },
    {
      "quote": "Once we accept our limits, we go beyond them.",
      "author": "Albert Einstein"
    },
    {
      "quote": "There is only one corner of the universe you can be certain of improving, and that's your own self.",
      "author": "Aldous Huxley"
    },
    {
      "quote": "Let us cultivate our garden.",
      "author": "Voltaire"
    },
    {
      "quote": "All we are not stares back at what we are.",
      "author": "W.H. Auden"
    },
    {
      "quote": "We first make our habits, then our habits make us.",
      "author": "John Dryden"
    },
    {
      "quote": "Everybody has talent, but ability takes hard work.",
      "author": "Michael Jordan"
    },
    {
      "quote": "We are all failures. At least the best of us are.",
      "author": "J.M. Barrie"
    },
    {
      "quote": "Never go to bed mad. Stay up and fight.",
      "author": "Phyllis Diller"
    },
    {
      "quote": "I have no special talents. I am only passionately curious.",
      "author": "Albert Einstein"
    },
    {
      "quote": "I am not young enough to know everything.",
      "author": "Oscar Wilde"
    },
    {
      "quote": "A life spent making mistakes is not only more honorable, but more useful than a life spent doing nothing.",
      "author": "George Bernard Shaw"
    },
    {
      "quote": "Somewhere, something incredible is waiting to be known.",
      "author": "Carl Sagan"
    },
    {
      "quote": "What matters most is how well you walk through the fire.",
      "author": "Charles Bukowski"
    },
    {
      "quote": "It is said that your life flashes before your eyes just before you die. That is true, it's called Life.",
      "author": "Terry Pratchet"
    },
    {
      "quote": "You cannot swim for new horizons until you have courage to lose sight of the shore.",
      "author": "William Faulkner"
    },
    {
      "quote": "I know, somehow, that only when it is dark enough can you see the stars.",
      "author": "Martin Luther King Jr."
    },
    {
      "quote": "Follow your inner moonlight; don't hide the madness.",
      "author": "Allen Ginsberg"
    },
    {
      "quote": "We know what we are, but not what we may be.",
      "author": "William Shakespeare"
    },
    {
      "quote": "The universe doesn't allow perfection.",
      "author": "Stephen Hawking"
    },
    {
      "quote": "The scariest moment is always just before you start.",
      "author": "Stephen King"
    },
    {
      "quote": "A winner is a dreamer who never gives up.",
      "author": "Nelson Mandela"
    },
    {
      "quote": "History will be kind to me for I intend to write it.",
      "author": "Winston S. Churchill"
    },
    {
      "quote": "There are far, far better things ahead than any we leave behind.",
      "author": "C.S. Lewis"
    },
    {
      "quote": "Forever is composed of nows.",
      "author": "Emily Dickinson"
    },
    {
      "quote": "Find what you love and let it kill you.",
      "author": "Charles Bukowski"
    },
    {
      "quote": "The world breaks everyone, and afterward, many are strong at the broken places.",
      "author": "Ernest Hemingway"
    },
    {
      "quote": "You will do foolish things, but do them with enthusiasm.",
      "author": "Colette"
    },
    {
      "quote": "I dream my painting and I paint my dream.",
      "author": "Vincent van Gogh"
    },
    {
      "quote": "You were born with wings, why prefer to crawl through life?",
      "author": "Rumi"
    },
    {
      "quote": "Forget safety. Live where you fear to live. Destroy your reputation. Be notorious.",
      "author": "Rumi"
    },
    {
      "quote": "Don't be satisfied with stories, how things have gone with others. Unfold your own myth.",
      "author": "Rumi"
    },
    {
      "quote": "If things start happening, don't worry, don't stew, just go right along and you'll start happening too.",
      "author": "Dr. Seuss"
    },
    {
      "quote": "Do not go gentle into that good night. Rage, rage against the dying of the light.",
      "author": "Dylan Thomas"
    },
    {
      "quote": "You can, you should, and if you’re brave enough to start, you will.",
      "author": "Stephen King"
    },
    {
      "quote": "A good traveler has no fixed plans and is not intent on arriving.",
      "author": "Lao Tzu"
    },
    {
      "quote": "Creativity is intelligence having fun.",
      "author": "Albert Einstein"
    }
  ]
}