{
  "name": "flyer",
  "base": "PersistedModel",
  "idInjection": true,
  "trackChanges": false,
  "properties": {
    "message": {
      "type": "string"
    },
    "isActive": {
      "type": "boolean",
      "default": true
    }
  },
  "validations": [],
  "relations": {},
  "acls": [
    {
      "accessType": "*",
      "principalType": "ROLE",
      "principalId": "$everyone",
      "permission": "DENY"
    },
    {
      "accessType": "READ",
      "principalType": "ROLE",
      "principalId": "$everyone",
      "permission": "ALLOW"
    }
  ],
  "methods": {}
}
